{
    "name": {
        "ar": "salman",
        "en": "salman"
    },
    "repository": "https://github.com/alashger1/salman",
    "author_email": "rzamy043@gmail.com",
    "features": [
        "mega-menu",
        "fonts",
        "color",
        "breadcrumb",
        "unite-cards-height",
        "component-featured-products",
        "component-fixed-banner",
        "component-fixed-products",
        "component-products-slider",
        "component-photos-slider",
        "component-parallax-background",
        "component-testimonials",
        "component-square-photos",
        "component-store-features",
        "component-youtube"
    ],
    "settings": [
        {
            "type": "boolean",
            "icon": "sicon-toggle-off",
            "label": "وضع عمودي للمنتجات في مربع المنتجات الثابتة في الصفحة الرئيسية",
            "description": "",
            "id": "vertical_fixed_products",
            "format": "switch",
            "required": false,
            "value": false,
            "selected": false
        },
        {
            "type": "boolean",
            "id": "is_more_button_enabled",
            "label": "عرض (زر الكل) في الصفحة الرئيسية",
            "format": "switch"
        },
        {
            "type": "static",
            "id": "static-line1",
            "format": "line"
        },
        {
            "type": "static",
            "format": "title",
            "id": "static-label2",
            "value": "خيارات أعلى الصفحة",
            "variant": "h6"
        },
        {
            "id": "header_is_sticky",
            "label": "تثبت القائمة الرئيسية أعلى الصفحة عند التمرير لأسفل",
            "description": "يُنصح بالغاء تفعيلها في حالة وجود عناصر كثيرة في القائمة المنسدلة",
            "type": "boolean",
            "icon": "sicon-toggle-off",
            "format": "switch",
            "required": false,
            "value": true,
            "selected": true
        },
        {
            "type": "boolean",
            "icon": "sicon-toggle-off",
            "label": "شريط علوي داكن",
            "description": "",
            "id": "topnav_is_dark",
            "format": "switch",
            "required": false,
            "value": true,
            "selected": false
        },
        {
            "type": "boolean",
            "icon": "sicon-toggle-off",
            "label": "عرض روابط الصفحات الهامة في الشريط العلوي",
            "description": "مثل صفحة الهبوط ، المدونة ،الصفحات التعريفية ",
            "id": "important_links",
            "format": "switch",
            "required": false,
            "value": true,
            "selected": true
        },
        {
            "type": "static",
            "id": "static-line3",
            "format": "line"
        },
        {
            "type": "static",
            "format": "title",
            "id": "static-label4",
            "value": "خيارات أسفل الصفحة",
            "variant": "h6"
        },
        {
            "type": "boolean",
            "icon": "sicon-toggle-off",
            "label": "الوضع الداكن",
            "description": "",
            "id": "footer_is_dark",
            "format": "switch",
            "required": false,
            "value": true,
            "selected": false
        },
        {
            "type": "static",
            "id": "static-line5",
            "format": "line"
        },
        {
            "type": "static",
            "format": "title",
            "id": "static-label6",
            "value": "خيارات صفحة المنتج",
            "variant": "h6"
        },
        {
            "type": "boolean",
            "icon": "sicon-toggle-off",
            "label": "تثبيت زر الإضافة والكمية أسفل شاشة الجوال",
            "description": "",
            "id": "sticky_add_to_cart",
            "format": "switch",
            "required": false,
            "value": true,
            "selected": true
        },
        {
            "type": "boolean",
            "icon": "sicon-toggle-off",
            "label": "اظهار الوسوم",
            "description": "",
            "id": "show_tags",
            "format": "switch",
            "required": false,
            "value": true,
            "selected": true
        },
        {
            "id": "slider_background_size",
            "type": "items",
            "format": "dropdown-list",
            "label": "طريقة عرض الصور في سليدر صور المنتج",
            "description": "",
            "labelHTML": null,
            "icon": "sicon-list",
            "selected": [
                {
                    "label": "اظهار الصورة كاملةً في المنتصف (Contain)",
                    "value": "contain",
                    "key": "f4adec13-6e4c-433b-b141-b2807935ced9"
                }
            ],
            "options": [
                {
                    "label": "تغطية الصورة كامل المساحة مع المحافظة على النسبة الصورة (Cover)",
                    "value": "cover",
                    "key": "e9c8ea8f-c5c6-438e-9d45-3bce269afde4"
                },
                {
                    "label": "اظهار الصورة كاملةً في المنتصف (Contain)",
                    "value": "contain",
                    "key": "f4adec13-6e4c-433b-b141-b2807935ced9"
                }
            ],
            "source": "Manual",
            "required": true
        }
    ],
    "components": [
        {
            "key": "186b3f4f-25cf-4d3c-abca-cef7eed6f0ab",
            "title": "صور متحركة (محسنة)",
            "icon": "sicon-image-carousel",
            "path": "home.enhanced-slider",
            "fields": [
                {
                    "type": "static",
                    "format": "description",
                    "id": "static-desc",
                    "value": "<div style='padding-top:10px;margin-bottom:30px;border:1px solid #ebebeb;border-radius:5px;text-align:center;overflow:hidden'><h6 style='margin-bottom:10px'>معاينة العنصر</h6><img src='https://cdn.salla.network/images/themes/raed/main-slider.jpg?v=1.1'></div>"
                },
                {
                    "type": "static",
                    "format": "description",
                    "id": "static-note",
                    "value": "<h4 style='color: #2377CD;font-size: 14px;margin:1rem 0px;background: #E9F0FD;padding: 10px 15px;border-radius: 4px;'>هذا العنصر غير مناسب لعرض البنرات، يمكنك استخدام عنصر <strong>صور متحركة</strong> بدلاً من عنصر <strong>صور متحركة محسنة</strong> لتظهر صورة البنر بشكل كامل</h4>"
                },
                {
                    "id": "slides",
                    "type": "collection",
                    "format": "collection",
                    "required": true,
                    "minLength": 1,
                    "maxLength": 10,
                    "label": "",
                    "item_label": "صورة",
                    "value": [],
                    "fields": [
                        {
                            "type": "string",
                            "icon": "sicon-image",
                            "value": null,
                            "id": "slides.image",
                            "label": "صورة البنر",
                            "format": "image",
                            "required": true,
                            "placeholder": "",
                            "description": "* المقاس المناسب للصورة هو 900×600 بكسل"
                        },
                        {
                            "type": "string",
                            "icon": "sicon-format-text-alt",
                            "label": "عنوان رئيسي",
                            "multilanguage": true,
                            "id": "slides.title",
                            "value": null,
                            "required": false,
                            "format": "text",
                            "description": "يتم عرضه على الصورة بحجم بارز جداً، مع إضافة تأثير دخول للنص يضيف لمسة جمالية على معرض الصور.",
                            "placeholder": "يمكنك إضافة عنوان بارز هنا...",
                            "hide": false,
                            "minLength": 0,
                            "maxLength": 100
                        },
                        {
                            "type": "string",
                            "icon": "sicon-typography",
                            "label": "نص إضافي",
                            "multilanguage": true,
                            "id": "slides.description",
                            "value": null,
                            "description": "يتم عرضه على الصورة بحجم أصغر من العنوان الرئيسي، مع إضافة تأثير دخول للنص يضيف لمسة جمالية على معرض الصور.",
                            "format": "textarea",
                            "required": false,
                            "placeholder": "يمكنك إضافة تفاصيل إضافية هنا",
                            "minLength": 0,
                            "maxLength": 255
                        }
                    ]
                }
            ]
        },
        {
            "key": "2b1b130b-5b37-422a-9683-e0fd367460c0",
            "title": "روابط سريعة",
            "icon": "sicon-layout-grid-rearrange",
            "path": "home.main-links",
            "fields": [
                {
                    "type": "static",
                    "format": "description",
                    "id": "with-bg",
                    "value": "<div ><h6 >معاينة العنصر</h6><img src='https://cdn.salla.network/images/themes/raed/main-links-with-bg.jpg?v=1.1'></div>",
                    "conditions": [
                        {
                            "id": "merge_with_top_component",
                            "operation": "=",
                            "value": true
                        }
                    ],
                    "key": "64c7e5d9-0535-4302-835e-7b272d8f4261"
                },
                {
                    "type": "static",
                    "format": "description",
                    "id": "without-bg",
                    "value": "<div ><h6 >معاينة العنصر</h6><img src='https://cdn.salla.network/images/themes/raed/main-links.png?v=1.1'></div>",
                    "conditions": [
                        {
                            "id": "merge_with_top_component",
                            "operation": "=",
                            "value": false
                        }
                    ],
                    "key": "443e24e3-03ad-4496-8f6b-61dabb3c19a9"
                },
                {
                    "type": "string",
                    "icon": "sicon-format-text-alt",
                    "label": "العنوان",
                    "multilanguage": true,
                    "id": "title",
                    "value": null,
                    "required": false,
                    "format": "text",
                    "description": null,
                    "placeholder": "أدخل العنوان هنا...",
                    "minLength": 0,
                    "maxLength": 100,
                    "key": "9aadab68-e954-4f61-a4cc-870a1235483d"
                },
                {
                    "type": "boolean",
                    "icon": "sicon-toggle-off",
                    "label": "دمج مع العنصر السابق",
                    "description": null,
                    "id": "merge_with_top_component",
                    "format": "switch",
                    "required": false,
                    "value": false,
                    "selected": false,
                    "key": "d0c45e8d-1b05-4435-a973-f46799651ae1"
                },
                {
                    "type": "static",
                    "format": "description",
                    "id": "static-desc",
                    "value": "<small >* إزاحة كامل العنصر ومحتوياته مع العنصر السابق، وجعلهما يظهران كعنصر واحد متناسق، يكون ذا فائدة في حالة كان العنصر السابق هو (صور متحركة محسنة). </small>",
                    "key": "0f4f1073-9a23-4350-bb76-d09720749862"
                },
                {
                    "type": "boolean",
                    "icon": "sicon-toggle-off",
                    "label": "عرض أسهم التحرك",
                    "description": null,
                    "id": "show_controls",
                    "format": "switch",
                    "required": false,
                    "value": true,
                    "selected": true,
                    "key": "ec575410-b6d2-47ef-b4a9-0dcb9be6adff"
                },
                {
                    "type": "boolean",
                    "icon": "sicon-toggle-off",
                    "label": "عرض روابط التصنيفات",
                    "description": "يمكنك تحديد التصنيفات بدل العناصر الخاصة، مع امكانية عرض صورة التصنيف مع العنصر",
                    "id": "show_cats",
                    "format": "switch",
                    "required": false,
                    "value": false,
                    "selected": false,
                    "key": "276d823e-c3fb-46d1-992a-72ed2e429c03"
                },
                {
                    "id": "categories",
                    "type": "items",
                    "format": "dropdown-list",
                    "label": "حدد التصنيفات",
                    "labelHTML": null,
                    "icon": "sicon-keyboard_arrow_down",
                    "selected": [],
                    "options": [],
                    "source": "categories",
                    "multichoice": true,
                    "searchable": true,
                    "required": false,
                    "conditions": [
                        {
                            "id": "show_cats",
                            "operation": "=",
                            "value": true
                        }
                    ],
                    "key": "e257bbe9-c83d-4af1-bd1d-4be703e19304"
                },
                {
                    "id": "links",
                    "type": "collection",
                    "format": "collection",
                    "required": true,
                    "minLength": 3,
                    "maxLength": 100,
                    "item_label": "رابط",
                    "value": [
                        {
                            "links.icon": "sicon-store2",
                            "links.url__type": "offers_link"
                        },
                        {
                            "links.icon": "sicon-shopping-bag",
                            "links.url__type": "offers_link"
                        },
                        {
                            "links.icon": "sicon-favorite",
                            "links.url__type": "offers_link"
                        }
                    ],
                    "fields": [
                        {
                            "id": "links.Icon",
                            "key": "76a1b62d-eca4-4b9d-a46b-a80702c00de6",
                            "type": "string",
                            "format": "image",
                            "label": "بنر",
                            "description": null,
                            "labelHTML": null,
                            "placeholder": "e.g. https://hostname.com/image.png",
                            "icon": "sicon-image",
                            "value": null,
                            "required": false
                        },
                        {
                            "type": "string",
                            "icon": "sicon-format-text-alt",
                            "multilanguage": true,
                            "id": "links.title",
                            "value": null,
                            "required": false,
                            "format": "text",
                            "description": null,
                            "placeholder": "أدخل عنوان للرابط هنا...",
                            "minLength": 2,
                            "maxLength": 80,
                            "key": "f090e80b-6d10-41fa-b648-254224008b75"
                        },
                        {
                            "type": "items",
                            "icon": "sicon-link",
                            "label": "الرابط",
                            "id": "links.url",
                            "value": null,
                            "description": null,
                            "required": false,
                            "format": "variable-list",
                            "searchable": true,
                            "source": "custom",
                            "sources": [
                                {
                                    "label": "منتج",
                                    "key": "products",
                                    "value": "products"
                                },
                                {
                                    "label": "تصنيف",
                                    "key": "categories",
                                    "value": "categories"
                                },
                                {
                                    "label": "ماركة تجارية",
                                    "key": "brands",
                                    "value": "brands"
                                },
                                {
                                    "label": "صفحة تعريفية",
                                    "key": "pages",
                                    "value": "pages"
                                },
                                {
                                    "label": "مقالة",
                                    "key": "blog_articles",
                                    "value": "blog_articles"
                                },
                                {
                                    "label": "تصنيف ضمن المدونة",
                                    "key": "blog_categories",
                                    "value": "blog_categories"
                                },
                                {
                                    "label": "التخفيضات",
                                    "key": "offers_link",
                                    "value": "offers_link"
                                },
                                {
                                    "label": "الماركات التجارية",
                                    "key": "brands_link",
                                    "value": "brands_link"
                                },
                                {
                                    "label": "المدونة",
                                    "key": "blog_link",
                                    "value": "blog_link"
                                },
                                {
                                    "label": "رابط خارجي",
                                    "key": "custom",
                                    "value": "custom"
                                }
                            ],
                            "key": "14612337-a09e-45f1-81ca-547475d61c72"
                        }
                    ],
                    "conditions": [
                        {
                            "id": "show_cats",
                            "operation": "=",
                            "value": false
                        }
                    ],
                    "key": "f2fef27f-fa9c-44e7-9e68-15218bfa4ca3"
                },
                {
                    "id": "checkbox_list",
                    "key": "af3f632d-270f-484e-b560-8542d1e40bff",
                    "type": "items",
                    "format": "checkbox-list",
                    "label": "Checkbox List",
                    "description": null,
                    "labelHTML": null,
                    "icon": "sicon-list-check",
                    "selected": [],
                    "options": [],
                    "source": "Manual",
                    "multichoice": true,
                    "required": false,
                    "defaulted": true
                }
            ]
        },
        {
            "key": "25f6cf26-a53f-4954-9b32-739b311b32c7",
            "title": "الماركات التجارية",
            "icon": "sicon-award-ribbon",
            "path": "home.brands",
            "fields": [
                {
                    "type": "static",
                    "format": "description",
                    "id": "with-bg",
                    "value": "<div style='padding-top:10px;margin-bottom:30px;border:1px solid #ebebeb;border-radius:5px;text-align:center;overflow:hidden'><h6 style='margin-bottom:10px'>معاينة العنصر</h6><img src='https://cdn.salla.network/images/themes/raed/brands.jpg?v=1.1'></div>"
                },
                {
                    "type": "string",
                    "icon": "sicon-format-text-alt",
                    "label": "العنوان",
                    "multilanguage": true,
                    "id": "title",
                    "required": false,
                    "format": "text",
                    "description": "",
                    "placeholder": "أدخل العنوان هنا...",
                    "minLength": 0,
                    "maxLength": 200,
                    "value": {
                        "ar": "تصفح من خلال العلامات التجارية",
                        "en": "Browse All Brands"
                    }
                },
                {
                    "type": "items",
                    "icon": "sicon-keyboard_arrow_down",
                    "label": "الماركات التجارية",
                    "id": "brands",
                    "format": "dropdown-list",
                    "description": "",
                    "selected": [],
                    "options": [],
                    "required": true,
                    "multichoice": true,
                    "searchable": true,
                    "source": "brands"
                }
            ]
        },
        {
            "key": "9a758d20-2ce4-4782-91fe-c04466464588",
            "title": "منتجات متحركة مع خلفية",
            "icon": "sicon-list-play",
            "path": "home.slider-products-with-header",
            "fields": [
                {
                    "type": "static",
                    "format": "description",
                    "id": "with-bg",
                    "value": "<div style='padding-top:10px;margin-bottom:30px;border:1px solid #ebebeb;border-radius:5px;text-align:center;overflow:hidden'><h6 style='margin-bottom:10px'>معاينة العنصر</h6><img src='https://cdn.salla.network/images/themes/raed/product-slider-with-header-bg.jpg?v=1.1'></div>"
                },
                {
                    "type": "string",
                    "icon": "sicon-image",
                    "value": null,
                    "label": "صورة الخلفية",
                    "id": "background",
                    "format": "image",
                    "required": true,
                    "placeholder": "",
                    "description": "* المقاس المناسب للصورة هو 1233×500 بكسل",
                    "settings": {
                        "height": 427,
                        "width": 640
                    }
                },
                {
                    "type": "string",
                    "icon": "sicon-format-text-alt",
                    "label": "عنوان رئيسي",
                    "multilanguage": true,
                    "id": "title",
                    "value": null,
                    "required": false,
                    "format": "text",
                    "description": "",
                    "placeholder": "يمكنك إضافة العنوان الرئيسي هنا...",
                    "hide": false,
                    "minLength": 0,
                    "maxLength": 80
                },
                {
                    "type": "string",
                    "icon": "sicon-typography",
                    "label": "نص توضيحي",
                    "multilanguage": true,
                    "id": "description",
                    "value": null,
                    "description": "",
                    "format": "textarea",
                    "required": false,
                    "placeholder": "يمكنك إضافة وصف لهذا القسم هنا...",
                    "minLength": 0,
                    "maxLength": 255
                },
                {
                    "type": "items",
                    "icon": "sicon-keyboard_arrow_down",
                    "label": "منتجات",
                    "id": "products",
                    "format": "dropdown-list",
                    "description": "",
                    "selected": [],
                    "options": [],
                    "required": true,
                    "multichoice": true,
                    "source": "products",
                    "searchable": true,
                    "maxLength": 8,
                    "minLength": 1
                },
                {
                    "type": "items",
                    "icon": "sicon-link",
                    "label": "رابط عرض الكل",
                    "id": "display_all_url",
                    "value": null,
                    "description": "عند إختيار رابط فارغ سيتم إخفاء زر 'عرض الكل'",
                    "required": false,
                    "format": "variable-list",
                    "searchable": true,
                    "source": "custom",
                    "sources": [
                        {
                            "label": "منتج",
                            "key": "products",
                            "value": "products"
                        },
                        {
                            "label": "تصنيف",
                            "key": "categories",
                            "value": "categories"
                        },
                        {
                            "label": "ماركة تجارية",
                            "key": "brands",
                            "value": "brands"
                        },
                        {
                            "label": "صفحة تعريفية",
                            "key": "pages",
                            "value": "pages"
                        },
                        {
                            "label": "مقالة",
                            "key": "blog_articles",
                            "value": "blog_articles"
                        },
                        {
                            "label": "تصنيف ضمن المدونة",
                            "key": "blog_categories",
                            "value": "blog_categories"
                        },
                        {
                            "label": "التخفيضات",
                            "key": "offers_link",
                            "value": "offers_link"
                        },
                        {
                            "label": "الماركات التجارية",
                            "key": "brands_link",
                            "value": "brands_link"
                        },
                        {
                            "label": "المدونة",
                            "key": "blog_link",
                            "value": "blog_link"
                        },
                        {
                            "label": "رابط خارجي",
                            "key": "custom",
                            "value": "custom"
                        }
                    ]
                }
            ]
        },
        {
            "key": "b89edc4a-ce0b-468f-8323-2da48147bb32",
            "title": "بنرات وصور مربعه (محسنة)",
            "icon": "sicon-image",
            "path": "home.enhanced-square-banners",
            "fields": [
                {
                    "type": "static",
                    "format": "description",
                    "id": "with-bg",
                    "value": "<div ><h6 >معاينة العنصر</h6><img src='https://cdn.salla.network/images/themes/raed/square-photos.jpg?v=1.1'></div>",
                    "key": "e751a5a0-9ad8-4360-a5e5-18570f8b5878"
                },
                {
                    "id": "banners",
                    "type": "collection",
                    "format": "collection",
                    "required": true,
                    "minLength": 1,
                    "maxLength": "3",
                    "label": "قائمة الصور",
                    "item_label": "صورة",
                    "value": [],
                    "fields": [
                        {
                            "type": "string",
                            "icon": "sicon-image",
                            "value": null,
                            "label": "صورة البنر",
                            "id": "banners.image",
                            "format": "image",
                            "required": true,
                            "placeholder": null,
                            "description": "* المقاس المناسب للصورة هو 640×427 بكسل",
                            "settings": {
                                "height": 427,
                                "width": 640
                            },
                            "key": "351fec66-9fba-4280-8602-9382fe0bee19"
                        },
                        {
                            "type": "items",
                            "icon": "sicon-link",
                            "label": "الرابط",
                            "id": "banners.url",
                            "value": null,
                            "description": null,
                            "required": false,
                            "format": "variable-list",
                            "searchable": true,
                            "source": "custom",
                            "sources": [
                                {
                                    "label": "منتج",
                                    "key": "products",
                                    "value": "products"
                                },
                                {
                                    "label": "تصنيف",
                                    "key": "categories",
                                    "value": "categories"
                                },
                                {
                                    "label": "ماركة تجارية",
                                    "key": "brands",
                                    "value": "brands"
                                },
                                {
                                    "label": "صفحة تعريفية",
                                    "key": "pages",
                                    "value": "pages"
                                },
                                {
                                    "label": "مقالة",
                                    "key": "blog_articles",
                                    "value": "blog_articles"
                                },
                                {
                                    "label": "تصنيف ضمن المدونة",
                                    "key": "blog_categories",
                                    "value": "blog_categories"
                                },
                                {
                                    "label": "التخفيضات",
                                    "key": "offers_link",
                                    "value": "offers_link"
                                },
                                {
                                    "label": "الماركات التجارية",
                                    "key": "brands_link",
                                    "value": "brands_link"
                                },
                                {
                                    "label": "المدونة",
                                    "key": "blog_link",
                                    "value": "blog_link"
                                },
                                {
                                    "label": "رابط خارجي",
                                    "key": "custom",
                                    "value": "custom"
                                }
                            ],
                            "key": "ddbceea7-727a-407b-be11-48af7eaab28e"
                        },
                        {
                            "type": "string",
                            "icon": "sicon-format-text-alt",
                            "label": "عنوان رئيسي",
                            "multilanguage": true,
                            "id": "banners.title",
                            "value": null,
                            "required": false,
                            "format": "text",
                            "description": "نص يتم إضافته على الصورة بنمط خط كبير",
                            "placeholder": "أدخل النص هنا...",
                            "hide": false,
                            "minLength": 0,
                            "maxLength": 100,
                            "key": "598c9608-da65-4561-a16c-8a06edfeeedc"
                        },
                        {
                            "type": "string",
                            "icon": "sicon-typography",
                            "label": "نص توضيحي",
                            "multilanguage": true,
                            "id": "banners.description",
                            "value": null,
                            "description": "نص يتم إضافته على الصورة بخط أصغر من العنوان الرئيسي",
                            "format": "textarea",
                            "required": false,
                            "placeholder": "Your text here",
                            "minLength": 0,
                            "maxLength": 255,
                            "key": "ca4661d9-84c3-45b8-95d2-ae0ddfff44c4"
                        }
                    ],
                    "key": "2b9f9505-6b6d-4bc7-9464-ba7b61c6aafd"
                }
            ]
        },
        {
            "key": "6c0474e1-6143-4ef3-8823-c6fd84758944",
            "title": "مميزات المتجر",
            "icon": "sicon-favorite",
            "path": "home.Store_features",
            "fields": [
                {
                    "id": "site_title",
                    "key": "9ed2d725-33a3-41db-ab13-e0529f740ab6",
                    "type": "string",
                    "format": "text",
                    "label": "عنوان الرئيسى",
                    "description": null,
                    "labelHTML": null,
                    "placeholder": "Placeholder text ..",
                    "icon": "sicon-format-text-alt",
                    "value": null,
                    "multilanguage": false,
                    "required": false,
                    "minLength": 6,
                    "maxLength": 30
                },
                {
                    "id": "ns_todhe",
                    "key": "3aa5fd79-0e0d-45d2-815d-fb38680d4e92",
                    "type": "string",
                    "format": "text",
                    "label": "نص توضحي",
                    "description": null,
                    "labelHTML": null,
                    "placeholder": "Placeholder text ..",
                    "icon": "sicon-format-text-alt",
                    "value": null,
                    "multilanguage": false,
                    "required": false,
                    "minLength": "20",
                    "maxLength": "100"
                },
                {
                    "id": "Store_features",
                    "key": "c184e1ee-870e-40ea-accc-cbb682714958",
                    "type": "collection",
                    "format": "collection",
                    "label": "المكونات",
                    "description": null,
                    "labelHTML": null,
                    "item_label": null,
                    "icon": "sicon-list-add",
                    "fields": [
                        {
                            "id": "aeqont",
                            "key": "a06628b9-64d6-437a-b7e2-54aa1bb58f85",
                            "type": "string",
                            "format": "icon",
                            "label": "ايقونة",
                            "description": null,
                            "labelHTML": null,
                            "icon": "sicon-user-circle",
                            "value": "sicon-store",
                            "required": false
                        },
                        {
                            "id": "ns_alaabart",
                            "key": "7c1d51a1-550d-4a82-b5bd-e0d81ebc1100",
                            "type": "string",
                            "format": "text",
                            "label": "نص العبارة",
                            "description": null,
                            "labelHTML": null,
                            "placeholder": "Placeholder text ..",
                            "icon": "sicon-format-text-alt",
                            "value": null,
                            "multilanguage": false,
                            "required": false,
                            "minLength": 6,
                            "maxLength": 30
                        }
                    ],
                    "value": [],
                    "required": false,
                    "minLength": 1,
                    "maxLength": 5
                }
            ]
        },
        {
            "key": "939c998c-969c-42dd-9bf0-cbb3d59fa0e6",
            "title": "احصائيات المتجر",
            "icon": "sicon-graph-line",
            "path": "home.statistics",
            "fields": [
                {
                    "id": "titel",
                    "key": "a875ba23-fb8b-49ae-9123-f0755f486195",
                    "type": "string",
                    "format": "text",
                    "label": "عنوان الرئيسى",
                    "description": null,
                    "labelHTML": null,
                    "placeholder": "Placeholder text ..",
                    "icon": "sicon-format-text-alt",
                    "value": null,
                    "multilanguage": false,
                    "required": false,
                    "minLength": 6,
                    "maxLength": 30
                },
                {
                    "id": "ns_todhe",
                    "key": "d545eb9f-633c-42cc-af74-d7c32ce0e963",
                    "type": "string",
                    "format": "text",
                    "label": "نص توضحي",
                    "description": null,
                    "labelHTML": null,
                    "placeholder": "Placeholder text ..",
                    "icon": "sicon-format-text-alt",
                    "value": null,
                    "multilanguage": false,
                    "required": false,
                    "minLength": "20",
                    "maxLength": "100"
                },
                {
                    "id": "statistics",
                    "key": "24c96475-d945-4088-8f37-57308ee93aee",
                    "type": "collection",
                    "format": "collection",
                    "label": "مكونات",
                    "description": null,
                    "labelHTML": null,
                    "item_label": null,
                    "icon": "sicon-list-add",
                    "fields": [
                        {
                            "id": "aeqont",
                            "key": "9746abf0-6ad7-4236-a941-291e1eb1abdc",
                            "type": "string",
                            "format": "icon",
                            "label": "ايقونة",
                            "description": null,
                            "labelHTML": null,
                            "icon": "sicon-user-circle",
                            "value": "sicon-store",
                            "required": true
                        },
                        {
                            "id": "rqm_alahsaeeat",
                            "key": "4954548b-d748-4415-a42a-0a83c83a28b8",
                            "type": "number",
                            "format": "units",
                            "label": "رقم الاحصائيات",
                            "description": null,
                            "labelHTML": null,
                            "placeholder": "دخل رقم",
                            "icon": "sicon-percentage",
                            "value": 0,
                            "required": false,
                            "unit": "%",
                            "minimum": 0,
                            "maximum": 100
                        },
                        {
                            "id": "icon_bg_color",
                            "key": "c5a36da5-863a-4e39-9fb2-4f52e466fda8",
                            "type": "string",
                            "format": "color",
                            "inputType": "color",
                            "label": "اختار لون",
                            "description": null,
                            "labelHTML": null,
                            "icon": "sicon-format-fill",
                            "value": "#004956",
                            "required": false
                        }
                    ],
                    "value": [],
                    "required": false,
                    "minLength": 1,
                    "maxLength": "3"
                }
            ]
        },
        {
            "key": "cc7f1d46-cc01-441f-9bb4-120fb03e386d",
            "title": "منتجات شايعة",
            "icon": "sicon-polo-shirt",
            "path": "home.categories",
            "fields": [
                {
                    "id": "titel",
                    "key": "815fb439-4be2-4ab7-8375-8db9b783a39b",
                    "type": "string",
                    "format": "text",
                    "label": "عنوان الرئيسي",
                    "description": null,
                    "labelHTML": null,
                    "placeholder": "Placeholder text ..",
                    "icon": "sicon-format-text-alt",
                    "value": null,
                    "multilanguage": false,
                    "required": false,
                    "minLength": 6,
                    "maxLength": 30
                },
                {
                    "id": "ns_todehe",
                    "key": "a70c1904-b4b3-409e-9c16-7afdc2cedcfa",
                    "type": "string",
                    "format": "text",
                    "label": "نص توضيحي",
                    "description": null,
                    "labelHTML": null,
                    "placeholder": "Placeholder text ..",
                    "icon": "sicon-format-text-alt",
                    "value": null,
                    "multilanguage": false,
                    "required": false,
                    "minLength": "200",
                    "maxLength": "100"
                },
                {
                    "id": "categories",
                    "key": "be0bfd43-172d-41b8-aefd-4fd00269da34",
                    "type": "collection",
                    "format": "collection",
                    "label": "Collection",
                    "description": null,
                    "labelHTML": null,
                    "item_label": null,
                    "icon": "sicon-list-add",
                    "fields": [
                        {
                            "id": "sort_albnr",
                            "key": "51c37a4f-2fd3-4644-8af8-c9f839eb19c3",
                            "type": "string",
                            "format": "image",
                            "label": "صورة البنر",
                            "description": null,
                            "labelHTML": null,
                            "placeholder": "e.g. https://hostname.com/image.png",
                            "icon": "sicon-image",
                            "value": null,
                            "required": false
                        },
                        {
                            "id": "ns_altsnef",
                            "key": "6fbc5eab-14f4-41d4-8617-051b975d7ed2",
                            "type": "string",
                            "format": "text",
                            "label": "نص التصنيف",
                            "description": null,
                            "labelHTML": null,
                            "placeholder": "Placeholder text ..",
                            "icon": "sicon-format-text-alt",
                            "value": null,
                            "multilanguage": false,
                            "required": false,
                            "minLength": 6,
                            "maxLength": 30
                        },
                        {
                            "id": "rabt_altsnef",
                            "key": "1fae36da-373d-4951-ad71-4b6187552bce",
                            "type": "items",
                            "format": "dropdown-list",
                            "label": "رابط التصنيف",
                            "description": null,
                            "labelHTML": null,
                            "icon": "sicon-keyboard_arrow_down",
                            "selected": [],
                            "options": [],
                            "source": "Categories",
                            "multichoice": true,
                            "searchable": true,
                            "required": false
                        }
                    ],
                    "value": [],
                    "required": false,
                    "minLength": "3",
                    "maxLength": "6"
                }
            ]
        },
        {
            "key": "a0c89e5c-fe89-4dd8-b0f5-3e919b538bf4",
            "title": "روابط سريعة",
            "icon": "sicon-cart2",
            "path": "home.main_links",
            "fields": [
                {
                    "id": "tetel",
                    "key": "de967e0b-6dea-4d69-b776-2327a636dc81",
                    "type": "string",
                    "format": "text",
                    "label": "عنوان الرئيسى",
                    "description": null,
                    "labelHTML": null,
                    "placeholder": "Placeholder text ..",
                    "icon": "sicon-format-text-alt",
                    "value": null,
                    "multilanguage": false,
                    "required": false,
                    "minLength": 6,
                    "maxLength": 30
                },
                {
                    "id": "ns_todehe",
                    "key": "fda56816-89d5-4eba-a62f-e00187cd554e",
                    "type": "string",
                    "format": "text",
                    "label": "نص توضيحي",
                    "description": null,
                    "labelHTML": null,
                    "placeholder": "Placeholder text ..",
                    "icon": "sicon-format-text-alt",
                    "value": null,
                    "multilanguage": false,
                    "required": false,
                    "minLength": 6,
                    "maxLength": 30
                },
                {
                    "id": "main_links",
                    "key": "ab4d86dc-91c0-4ee3-b905-0e5927aaf6a2",
                    "type": "collection",
                    "format": "collection",
                    "label": "Collection",
                    "description": null,
                    "labelHTML": null,
                    "item_label": null,
                    "icon": "sicon-list-add",
                    "fields": [
                        {
                            "id": "sorh_albnr",
                            "key": "ba4f4dda-84e9-42d3-ade3-bf58d28fe9e4",
                            "type": "string",
                            "format": "image",
                            "label": "صوره البنر",
                            "description": null,
                            "labelHTML": null,
                            "placeholder": "e.g. https://hostname.com/image.png",
                            "icon": "sicon-image",
                            "value": null,
                            "required": false
                        },
                        {
                            "id": "ns_altsnef",
                            "key": "75b4c6a1-fd21-4775-b35a-a1833c168f84",
                            "type": "string",
                            "format": "text",
                            "label": "نص التصنيف",
                            "description": null,
                            "labelHTML": null,
                            "placeholder": "Placeholder text ..",
                            "icon": "sicon-format-text-alt",
                            "value": null,
                            "multilanguage": false,
                            "required": false,
                            "minLength": 6,
                            "maxLength": 30
                        }
                    ],
                    "value": [],
                    "required": false,
                    "minLength": 1,
                    "maxLength": 5
                }
            ]
        },
        {
            "key": "79aa4ab8-e654-41f1-a70e-217a32075752",
            "title": "اراء العملاء",
            "icon": "sicon-chat-person-alt",
            "path": "home.Customers",
            "fields": [
                {
                    "id": "aanoan_alreesa",
                    "key": "e3e52ab7-22bc-446b-9c01-61a31f85b3dc",
                    "type": "string",
                    "format": "text",
                    "label": "عنوان الرئيسى",
                    "description": null,
                    "labelHTML": null,
                    "placeholder": "Placeholder text ..",
                    "icon": "sicon-format-text-alt",
                    "value": null,
                    "multilanguage": false,
                    "required": false,
                    "minLength": 6,
                    "maxLength": 30
                },
                {
                    "id": "ns_todehe",
                    "key": "e9d75564-469d-40ff-84d2-f06e1bfeec6f",
                    "type": "string",
                    "format": "textarea",
                    "label": "نص توضيحي",
                    "description": null,
                    "labelHTML": null,
                    "placeholder": "Your text here",
                    "icon": "sicon-typography",
                    "value": null,
                    "multilanguage": false,
                    "required": false,
                    "minLength": 20,
                    "maxLength": "255"
                },
                {
                    "id": "Customers",
                    "key": "9219987d-66ad-4236-8445-aa8f1ad93c00",
                    "type": "collection",
                    "format": "collection",
                    "label": "Collection",
                    "description": null,
                    "labelHTML": null,
                    "item_label": null,
                    "icon": "sicon-list-add",
                    "fields": [
                        {
                            "id": "rabt",
                            "key": "bb30fc91-e74d-4463-92bf-ee2444e70248",
                            "type": "items",
                            "format": "dropdown-list",
                            "label": "رابط",
                            "description": null,
                            "labelHTML": null,
                            "icon": "sicon-keyboard_arrow_down",
                            "selected": [],
                            "options": [],
                            "source": "Customers",
                            "multichoice": true,
                            "searchable": true,
                            "required": false
                        }
                    ],
                    "value": [],
                    "required": false,
                    "minLength": 1,
                    "maxLength": 5
                }
            ]
        },
        {
            "key": "b36bcf36-2a8f-40d8-bcee-641f3503e43e",
            "title": "مدونة المتجر",
            "icon": "sicon-paper-plane-o",
            "path": "home.Store_blog",
            "fields": [
                {
                    "id": "aanoan_alreesa",
                    "key": "49b5ac66-9bf1-4fa9-8395-a8fad01066f4",
                    "type": "string",
                    "format": "text",
                    "label": "عنوان الرئيسى",
                    "description": null,
                    "labelHTML": null,
                    "placeholder": "ادخل نص",
                    "icon": "sicon-format-text-alt",
                    "value": null,
                    "multilanguage": false,
                    "required": false,
                    "minLength": 6,
                    "maxLength": 30
                },
                {
                    "id": "ns_todehe",
                    "key": "21017195-2bc0-4f94-b9c3-1b7277dc5731",
                    "type": "string",
                    "format": "textarea",
                    "label": "نص توضيحي",
                    "description": null,
                    "labelHTML": null,
                    "placeholder": "ادخل نص",
                    "icon": "sicon-typography",
                    "value": null,
                    "multilanguage": false,
                    "required": false,
                    "minLength": 20,
                    "maxLength": 255
                },
                {
                    "id": "Store_blog",
                    "key": "f9a19894-d6c1-42a4-bf27-ce4d7aebe288",
                    "type": "collection",
                    "format": "collection",
                    "label": "Collection",
                    "description": null,
                    "labelHTML": null,
                    "item_label": null,
                    "icon": "sicon-list-add",
                    "fields": [
                        {
                            "id": "imga",
                            "key": "68ecfcd8-4797-43d3-b3b4-006f86af7312",
                            "type": "string",
                            "format": "image",
                            "label": "صورره النر",
                            "description": null,
                            "labelHTML": null,
                            "placeholder": "e.g. https://hostname.com/image.png",
                            "icon": "sicon-image",
                            "value": null,
                            "required": false
                        },
                        {
                            "id": "aanoan",
                            "key": "f784f3fe-5841-4366-9dbd-7a530f68c1be",
                            "type": "string",
                            "format": "text",
                            "label": "عنوان",
                            "description": null,
                            "labelHTML": null,
                            "placeholder": "Placeholder text ..",
                            "icon": "sicon-format-text-alt",
                            "value": null,
                            "multilanguage": false,
                            "required": false,
                            "minLength": 6,
                            "maxLength": 30
                        },
                        {
                            "id": "ns_todehe_llmqalt",
                            "key": "8412160d-3742-49d2-85c8-f3200b98423c",
                            "type": "string",
                            "format": "richtext",
                            "label": "نص توضيحي للمقالة",
                            "description": null,
                            "labelHTML": null,
                            "placeholder": "Your text here ..",
                            "icon": "sicon-touch-type",
                            "value": null,
                            "multilanguage": false,
                            "required": false,
                            "minLength": 60,
                            "maxLength": 1000
                        },
                        {
                            "id": "rabt_almdont",
                            "key": "23a8966a-444c-4abf-a2b4-295a74faabf8",
                            "type": "items",
                            "format": "dropdown-list",
                            "label": "رابط المدونة",
                            "description": null,
                            "labelHTML": null,
                            "icon": "sicon-keyboard_arrow_down",
                            "selected": [],
                            "options": [],
                            "source": "Blog Articles",
                            "multichoice": true,
                            "searchable": true,
                            "required": false
                        }
                    ],
                    "value": [],
                    "required": false,
                    "minLength": 1,
                    "maxLength": 5
                }
            ]
        },
        {
            "key": "0998759f-393b-4c95-8835-86f025930172",
            "title": "عروضات الموسم",
            "icon": "sicon-megaphone",
            "path": "home.Daily_deals",
            "fields": [
                {
                    "id": "name",
                    "key": "5ece074f-d557-4dda-b1f7-a8301faa223b",
                    "type": "string",
                    "format": "text",
                    "label": "عنوان الرئيسى",
                    "description": null,
                    "labelHTML": null,
                    "placeholder": "Placeholder text ..",
                    "icon": "sicon-format-text-alt",
                    "value": null,
                    "multilanguage": false,
                    "required": false,
                    "minLength": 6,
                    "maxLength": 30
                },
                {
                    "id": "description",
                    "key": "d0ae98d6-472d-4268-9a2a-bd8dedae7bf1",
                    "type": "string",
                    "format": "textarea",
                    "label": "نص توضحي",
                    "description": null,
                    "labelHTML": null,
                    "placeholder": "Your text here",
                    "icon": "sicon-typography",
                    "value": null,
                    "multilanguage": false,
                    "required": false,
                    "minLength": 20,
                    "maxLength": 255
                },
                {
                    "id": "date_time",
                    "key": "923d3864-83a4-4b5f-b860-d57b3b37379f",
                    "type": "string",
                    "format": "datetime",
                    "inputType": "datetime-local",
                    "label": "تاريخ العرض",
                    "description": null,
                    "labelHTML": null,
                    "icon": "sicon-calendar-time",
                    "value": "2021-10-01T15:23",
                    "required": false
                },
                {
                    "id": "switch_1",
                    "key": "9e35ad23-5cbc-4e39-a24b-548ff635382f",
                    "type": "boolean",
                    "format": "switch",
                    "label": "Switch 1",
                    "description": null,
                    "labelHTML": null,
                    "icon": "sicon-toggle-off",
                    "value": true,
                    "selected": false,
                    "required": false,
                    "defaulted": true
                },
                {
                    "id": "collection",
                    "key": "bef1aabd-1e37-4e25-bdaf-3e09c6c59684",
                    "type": "collection",
                    "format": "collection",
                    "label": "Collection",
                    "description": null,
                    "labelHTML": null,
                    "item_label": null,
                    "icon": "sicon-list-add",
                    "fields": [
                        {
                            "id": "rabt",
                            "key": "ad034689-0363-49a3-bcfd-99ab2c95217e",
                            "type": "items",
                            "format": "dropdown-list",
                            "label": "رابط",
                            "description": null,
                            "labelHTML": null,
                            "icon": "sicon-keyboard_arrow_down",
                            "selected": [],
                            "options": [],
                            "source": "Special offers",
                            "multichoice": true,
                            "searchable": true,
                            "required": false
                        },
                        {
                            "id": "feat_alaard",
                            "key": "5feead66-9abd-45de-ab7a-046644b8aef2",
                            "type": "items",
                            "format": "dropdown-list",
                            "label": "فئات العرض",
                            "description": null,
                            "labelHTML": null,
                            "icon": "sicon-keyboard_arrow_down",
                            "selected": [],
                            "options": [],
                            "source": "Categories",
                            "multichoice": true,
                            "searchable": true,
                            "required": false
                        },
                        {
                            "id": "akhtar_lon_alkhlfet",
                            "key": "ec9b21b2-1617-4b1b-ad25-e3cada6156c8",
                            "type": "string",
                            "format": "color",
                            "inputType": "color",
                            "label": "اختار لون الخلفية",
                            "description": null,
                            "labelHTML": null,
                            "icon": "sicon-format-fill",
                            "value": "#004956",
                            "required": false
                        }
                    ],
                    "value": [],
                    "required": false,
                    "minLength": 1,
                    "maxLength": 5,
                    "defaulted": true
                }
            ]
        }
    ],
    "support_url": "https://example.com",
    "description": {
        "ar": "",
        "en": ""
    }
}